{
	"basics": {
		"name": "---Enter Your Name---",
		"label": "Student",
		"picture": "---Enter Image URL----",
		"email": "---Enter Email ID---",
		"phone": "---Enter Mobile Number---",
		"website": "---Enter Link of website(if any) ---",
		"summary": "---Tell Something about yourself ---",
		"location": {
			"address": "---",
			"postalCode": "---",
			"city": "---",
			"countryCode": "India",
			"region": "---State Name---"
		},
		"profiles": [{
				"network": "Twitter",
				"username": "handle",
				"url": "https://www.twitter.com/<handle>"
			},
			{
				"network": "Github",
				"username": "handle",
				"url": "https://www.github.com/<handle>/"
			},
			{
				"network": "linkedin",
				"username": "username",
				"url": "https://www.linkedin.com/in/<username>/"
			},
			{
				"network": "Instagram",
				"username": "handle",
				"url": "https://instagram.com/<handle>"
			}
		]
	},
	"work": [{
		"company": "---",
		"position": "----",
		"website": "----",
		"startDate": "2020-08-04//Take care about Date Format",
		"endDate": "Date // ",
		"summary": "---Tell me something About Org. --- ",
		"highlights": ["Add Highlights", "Your work details"]
	}],
	"volunteer": [{
		"organization": "---Name Org ---",
		"position": "---Add ---",
		"website": "---",
		"startDate": "2020-01-01 // Note Date Format",
		"endDate": "---",
		"summary": "Description...",
		"highlights": []
	}],
	"education": [{
		"institution": "Indian Institute of Information technology,kota",
		"area": "Engineering",
		"studyType": "Bachelor (hons)",
		"startDate": "2018-04-08 //Date",
		"endDate": "----",
		"gpa": "---Add your CGPA ---",
		"courses": [
			"Computer Science & Engineering"
		]
	}],
	"awards": [{
		"title": "--Title---",
		"awarder": "---Receiverd By ---",
		"date": "2020-08-21//Date"
	}],
	"publications": [{
		"title": "---Enter Title---",
		"details": "---Enter Details---",
		"link": "---github/website link to show your work---"
	}],
	"skills": [{
		"level": "Master",
		"keywords": ["HTML", "CSS", "Javascript", "React", "C/C++", "Add more"]
	}],
	"interests": [{
		"name": "Sports",
		"keywords": ["Chess", "Badminton"]
	}],
	"references": []
}